Day, Week, Quantity, Amount, A, B, C, D, E, F, G, H, I, J, L, O,
1, 0,  5, 3150, 0, 0, 5, 0, 0, 0, 0, 0, 0, 0, 0, 0,
2, 0, 0, 0, 0, 0, 0, 0, 0, 0, 0, 0, 0, 0, 0, 0,
3, 0,  1, 3600, 0, 0, 0, 0, 0, 0, 0, 0, 0, 0, 0, 1,
4, 0,  2, 2025, 0, 1, 1, 0, 0, 0, 0, 0, 0, 0, 0, 0,
5, 0,  1, 150, 0, 0, 0, 0, 0, 0, 0, 0, 0, 0, 0, 1,
6, 0,  3, 450, 0, 0, 3, 0, 0, 0, 0, 0, 0, 0, 0, 0,
7, 0, 0, 0, 0, 0, 0, 0, 0, 0, 0, 0, 0, 0, 0, 0,
1, 1,  2, 300, 0, 0, 0, 0, 0, 0, 0, 0, 0, 0, 0, 2,
2, 1, 0, 0, 0, 0, 0, 0, 0, 0, 0, 0, 0, 0, 0, 0,
3, 1,  11, 1650, 8, 0, 1, 0, 0, 0, 0, 0, 0, 0, 0, 2,
4, 1, 0, 0, 0, 0, 0, 0, 0, 0, 0, 0, 0, 0, 0, 0,
5, 1,  1, 450, 0, 0, 1, 0, 0, 0, 0, 0, 0, 0, 0, 0,
6, 1,  1, 3600, 0, 0, 1, 0, 0, 0, 0, 0, 0, 0, 0, 0,
7, 1,  6, 4350, 0, 1, 1, 0, 3, 0, 0, 0, 0, 0, 0, 1,
1, 2, 0, 0, 0, 0, 0, 0, 0, 0, 0, 0, 0, 0, 0, 0,
2, 2, 0, 0, 0, 0, 0, 0, 0, 0, 0, 0, 0, 0, 0, 0,
3, 2, 0, 0, 0, 0, 0, 0, 0, 0, 0, 0, 0, 0, 0, 0,
4, 2,  5, 4850, 0, 2, 0, 0, 0, 0, 0, 0, 0, 0, 0, 3,
5, 2,  1, 450, 0, 0, 1, 0, 0, 0, 0, 0, 0, 0, 0, 0,
6, 2, 0, 0, 0, 0, 0, 0, 0, 0, 0, 0, 0, 0, 0, 0,
7, 2,  3, 450, 0, 0, 0, 0, 3, 0, 0, 0, 0, 0, 0, 0,
1, 3,  1, 650, 0, 1, 0, 0, 0, 0, 0, 0, 0, 0, 0, 0,
2, 3, 0, 0, 0, 0, 0, 0, 0, 0, 0, 0, 0, 0, 0, 0,
3, 3,  6, 4350, 0, 0, 3, 2, 0, 0, 0, 0, 0, 0, 0, 1,
4, 3, 0, 0, 0, 0, 0, 0, 0, 0, 0, 0, 0, 0, 0, 0,
5, 3, 0, 0, 0, 0, 0, 0, 0, 0, 0, 0, 0, 0, 0, 0,
6, 3,  1, 750, 0, 0, 1, 0, 0, 0, 0, 0, 0, 0, 0, 0,
7, 3, 0, 0, 0, 0, 0, 0, 0, 0, 0, 0, 0, 0, 0, 0,
1, 4, 0, 0, 0, 0, 0, 0, 0, 0, 0, 0, 0, 0, 0, 0,
2, 4, 0, 0, 0, 0, 0, 0, 0, 0, 0, 0, 0, 0, 0, 0,
3, 4,  6, 900, 0, 0, 6, 0, 0, 0, 0, 0, 0, 0, 0, 0,
4, 4,  1, 3600, 0, 0, 0, 0, 0, 0, 0, 0, 0, 0, 0, 1,
5, 4, 0, 0, 0, 0, 0, 0, 0, 0, 0, 0, 0, 0, 0, 0,
6, 4,  10, 1500, 0, 0, 9, 0, 0, 0, 0, 0, 0, 0, 0, 1,
7, 4, 0, 0, 0, 0, 0, 0, 0, 0, 0, 0, 0, 0, 0, 0,
1, 5, 0, 0, 0, 0, 0, 0, 0, 0, 0, 0, 0, 0, 0, 0,
2, 5, 0, 0, 0, 0, 0, 0, 0, 0, 0, 0, 0, 0, 0, 0,
3, 5,  16, 2400, 0, 0, 16, 0, 0, 0, 0, 0, 0, 0, 0, 0,
4, 5,  8, 1200, 0, 0, 8, 0, 0, 0, 0, 0, 0, 0, 0, 0,
5, 5,  2, 260, 0, 0, 2, 0, 0, 0, 0, 0, 0, 0, 0, 0,
6, 5,  6, 900, 0, 0, 6, 0, 0, 0, 0, 0, 0, 0, 0, 0,
7, 5,  1, 1875, 0, 0, 0, 1, 0, 0, 0, 0, 0, 0, 0, 0,
1, 6, 0, 0, 0, 0, 0, 0, 0, 0, 0, 0, 0, 0, 0, 0,
2, 6, 0, 0, 0, 0, 0, 0, 0, 0, 0, 0, 0, 0, 0, 0,
3, 6, 0, 0, 0, 0, 0, 0, 0, 0, 0, 0, 0, 0, 0, 0,
4, 6,  4, 1200, 0, 0, 1, 0, 0, 0, 0, 0, 0, 0, 0, 3,
5, 6, 0, 0, 0, 0, 0, 0, 0, 0, 0, 0, 0, 0, 0, 0,
6, 6, 0, 0, 0, 0, 0, 0, 0, 0, 0, 0, 0, 0, 0, 0,
7, 6, 0, 0, 0, 0, 0, 0, 0, 0, 0, 0, 0, 0, 0, 0,
1, 7, 0, 0, 0, 0, 0, 0, 0, 0, 0, 0, 0, 0, 0, 0,
2, 7, 0, 0, 0, 0, 0, 0, 0, 0, 0, 0, 0, 0, 0, 0,
3, 7, 0, 0, 0, 0, 0, 0, 0, 0, 0, 0, 0, 0, 0, 0,
4, 7,  2, 260, 0, 0, 2, 0, 0, 0, 0, 0, 0, 0, 0, 0,
5, 7,  2, 4350, 0, 1, 1, 0, 0, 0, 0, 0, 0, 0, 0, 0,
6, 7, 0, 0, 0, 0, 0, 0, 0, 0, 0, 0, 0, 0, 0, 0,
7, 7, 0, 0, 0, 0, 0, 0, 0, 0, 0, 0, 0, 0, 0, 0,
1, 8, 0, 0, 0, 0, 0, 0, 0, 0, 0, 0, 0, 0, 0, 0,
2, 8, 0, 0, 0, 0, 0, 0, 0, 0, 0, 0, 0, 0, 0, 0,
3, 8,  1, 450, 0, 0, 0, 1, 0, 0, 0, 0, 0, 0, 0, 0,
4, 8, 0, 0, 0, 0, 0, 0, 0, 0, 0, 0, 0, 0, 0, 0,
5, 8,  1, 150, 0, 0, 1, 0, 0, 0, 0, 0, 0, 0, 0, 0,
6, 8, 0, 0, 0, 0, 0, 0, 0, 0, 0, 0, 0, 0, 0, 0,
7, 8, 0, 0, 0, 0, 0, 0, 0, 0, 0, 0, 0, 0, 0, 0,
1, 9,  26, 3900, 0, 25, 1, 0, 0, 0, 0, 0, 0, 0, 0, 0,
2, 9, 0, 0, 0, 0, 0, 0, 0, 0, 0, 0, 0, 0, 0, 0,
3, 9,  2, 3750, 0, 0, 0, 2, 0, 0, 0, 0, 0, 0, 0, 0,
4, 9,  1, 450, 0, 0, 1, 0, 0, 0, 0, 0, 0, 0, 0, 0,
5, 9, 0, 0, 0, 0, 0, 0, 0, 0, 0, 0, 0, 0, 0, 0,
6, 9, 0, 0, 0, 0, 0, 0, 0, 0, 0, 0, 0, 0, 0, 0,
7, 9, 0, 0, 0, 0, 0, 0, 0, 0, 0, 0, 0, 0, 0, 0,
1, 10, 0, 0, 0, 0, 0, 0, 0, 0, 0, 0, 0, 0, 0, 0,
2, 10,  7, 6165, 0, 0, 2, 2, 0, 0, 0, 0, 0, 0, 0, 3,
3, 10,  10, 6225, 0, 0, 10, 0, 0, 0, 0, 0, 0, 0, 0, 0,
4, 10, 0, 0, 0, 0, 0, 0, 0, 0, 0, 0, 0, 0, 0, 0,
5, 10,  3, 3900, 0, 0, 2, 0, 0, 0, 0, 0, 0, 0, 0, 1,
6, 10,  1, 3600, 0, 0, 1, 0, 0, 0, 0, 0, 0, 0, 0, 0,
7, 10, 0, 0, 0, 0, 0, 0, 0, 0, 0, 0, 0, 0, 0, 0,
1, 11, 0, 0, 0, 0, 0, 0, 0, 0, 0, 0, 0, 0, 0, 0,
2, 11,  3, 3900, 0, 0, 1, 0, 2, 0, 0, 0, 0, 0, 0, 0,
3, 11,  5, 4200, 0, 0, 2, 1, 0, 0, 0, 0, 0, 0, 0, 2,
4, 11,  1, 3600, 0, 0, 1, 0, 0, 0, 0, 0, 0, 0, 0, 0,
5, 11, 0, 0, 0, 0, 0, 0, 0, 0, 0, 0, 0, 0, 0, 0,
6, 11, 0, 0, 0, 0, 0, 0, 0, 0, 0, 0, 0, 0, 0, 0,
7, 11,  1, 3600, 0, 0, 1, 0, 0, 0, 0, 0, 0, 0, 0, 0,
1, 12, 0, 0, 0, 0, 0, 0, 0, 0, 0, 0, 0, 0, 0, 0,
2, 12,  3, 3900, 0, 0, 0, 3, 0, 0, 0, 0, 0, 0, 0, 0,
3, 12, 0, 0, 0, 0, 0, 0, 0, 0, 0, 0, 0, 0, 0, 0,
4, 12,  3, 3275, 0, 1, 2, 0, 0, 0, 0, 0, 0, 0, 0, 0,
5, 12, 0, 0, 0, 0, 0, 0, 0, 0, 0, 0, 0, 0, 0, 0,
6, 12,  1, 150, 0, 0, 0, 0, 0, 0, 0, 0, 0, 0, 0, 1,
7, 12, 0, 0, 0, 0, 0, 0, 0, 0, 0, 0, 0, 0, 0, 0,
1, 13, 0, 0, 0, 0, 0, 0, 0, 0, 0, 0, 0, 0, 0, 0,
2, 13, 0, 0, 0, 0, 0, 0, 0, 0, 0, 0, 0, 0, 0, 0,
3, 13,  3, 2250, 0, 0, 3, 0, 0, 0, 0, 0, 0, 0, 0, 0,
4, 13,  1, 1875, 0, 0, 1, 0, 0, 0, 0, 0, 0, 0, 0, 0,
5, 13, 0, 0, 0, 0, 0, 0, 0, 0, 0, 0, 0, 0, 0, 0,
6, 13, 0, 0, 0, 0, 0, 0, 0, 0, 0, 0, 0, 0, 0, 0,
7, 13, 0, 0, 0, 0, 0, 0, 0, 0, 0, 0, 0, 0, 0, 0,
1, 14, 0, 0, 0, 0, 0, 0, 0, 0, 0, 0, 0, 0, 0, 0,
2, 14,  3, 750, 0, 1, 2, 0, 0, 0, 0, 0, 0, 0, 0, 0,
3, 14, 0, 0, 0, 0, 0, 0, 0, 0, 0, 0, 0, 0, 0, 0,
4, 14, 0, 0, 0, 0, 0, 0, 0, 0, 0, 0, 0, 0, 0, 0,
5, 14,  2, 250, 2, 0, 0, 0, 0, 0, 0, 0, 0, 0, 0, 0,
6, 14,  3, 7350, 1, 0, 2, 0, 0, 0, 0, 0, 0, 0, 0, 0,
7, 14,  4, 7500, 2, 0, 0, 0, 0, 0, 0, 0, 1, 0, 0, 1,
1, 15, 0, 0, 0, 0, 0, 0, 0, 0, 0, 0, 0, 0, 0, 0,
2, 15,  4, 2700, 0, 0, 3, 0, 0, 0, 0, 0, 1, 0, 0, 0,
3, 15,  7, 6225, 0, 4, 1, 2, 0, 0, 0, 0, 0, 0, 0, 0,
4, 15,  3, 2250, 0, 0, 3, 0, 0, 0, 0, 0, 0, 0, 0, 0,
5, 15, 0, 0, 0, 0, 0, 0, 0, 0, 0, 0, 0, 0, 0, 0,
6, 15,  4, 2265, 0, 0, 4, 0, 0, 0, 0, 0, 0, 0, 0, 0,
7, 15,  1, 3600, 0, 1, 0, 0, 0, 0, 0, 0, 0, 0, 0, 0,
1, 16, 0, 0, 0, 0, 0, 0, 0, 0, 0, 0, 0, 0, 0, 0,
2, 16,  6, 18450, 0, 0, 5, 0, 0, 0, 0, 0, 1, 0, 0, 0,
3, 16, 0, 0, 0, 0, 0, 0, 0, 0, 0, 0, 0, 0, 0, 0,
4, 16,  10, 1500, 0, 10, 0, 0, 0, 0, 0, 0, 0, 0, 0, 0,
5, 16, 0, 0, 0, 0, 0, 0, 0, 0, 0, 0, 0, 0, 0, 0,
6, 16, 0, 0, 0, 0, 0, 0, 0, 0, 0, 0, 0, 0, 0, 0,
7, 16, 0, 0, 0, 0, 0, 0, 0, 0, 0, 0, 0, 0, 0, 0,
1, 17, 0, 0, 0, 0, 0, 0, 0, 0, 0, 0, 0, 0, 0, 0,
2, 17,  2, 300, 0, 0, 2, 0, 0, 0, 0, 0, 0, 0, 0, 0,
3, 17, 0, 0, 0, 0, 0, 0, 0, 0, 0, 0, 0, 0, 0, 0,
4, 17, 0, 0, 0, 0, 0, 0, 0, 0, 0, 0, 0, 0, 0, 0,
5, 17, 0, 0, 0, 0, 0, 0, 0, 0, 0, 0, 0, 0, 0, 0,
6, 17, 0, 0, 0, 0, 0, 0, 0, 0, 0, 0, 0, 0, 0, 0,
7, 17, 0, 0, 0, 0, 0, 0, 0, 0, 0, 0, 0, 0, 0, 0,
1, 18, 0, 0, 0, 0, 0, 0, 0, 0, 0, 0, 0, 0, 0, 0,
2, 18,  1, 1875, 0, 0, 0, 1, 0, 0, 0, 0, 0, 0, 0, 0,
3, 18,  1, 1875, 0, 0, 1, 0, 0, 0, 0, 0, 0, 0, 0, 0,
4, 18, 0, 0, 0, 0, 0, 0, 0, 0, 0, 0, 0, 0, 0, 0,
5, 18,  1, 150, 0, 0, 0, 0, 0, 0, 0, 0, 0, 0, 0, 1,
6, 18, 0, 0, 0, 0, 0, 0, 0, 0, 0, 0, 0, 0, 0, 0,
7, 18,  1, 3600, 0, 0, 1, 0, 0, 0, 0, 0, 0, 0, 0, 0,
1, 19, 0, 0, 0, 0, 0, 0, 0, 0, 0, 0, 0, 0, 0, 0,
2, 19, 0, 0, 0, 0, 0, 0, 0, 0, 0, 0, 0, 0, 0, 0,
3, 19,  1, 450, 0, 0, 0, 1, 0, 0, 0, 0, 0, 0, 0, 0,
4, 19,  1, 1875, 0, 1, 0, 0, 0, 0, 0, 0, 0, 0, 0, 0,
5, 19, 0, 0, 0, 0, 0, 0, 0, 0, 0, 0, 0, 0, 0, 0,
6, 19, 0, 0, 0, 0, 0, 0, 0, 0, 0, 0, 0, 0, 0, 0,
7, 19,  1, 1875, 0, 0, 0, 0, 0, 0, 0, 0, 0, 0, 0, 1,
1, 20, 0, 0, 0, 0, 0, 0, 0, 0, 0, 0, 0, 0, 0, 0,
2, 20, 0, 0, 0, 0, 0, 0, 0, 0, 0, 0, 0, 0, 0, 0,
3, 20,  3, 5925, 0, 0, 0, 0, 0, 0, 0, 0, 1, 0, 1, 1,
4, 20,  1, 130, 0, 1, 0, 0, 0, 0, 0, 0, 0, 0, 0, 0,
5, 20, 0, 0, 0, 0, 0, 0, 0, 0, 0, 0, 0, 0, 0, 0,
6, 20, 0, 0, 0, 0, 0, 0, 0, 0, 0, 0, 0, 0, 0, 0,
7, 20, 0, 0, 0, 0, 0, 0, 0, 0, 0, 0, 0, 0, 0, 0,
1, 21, 0, 0, 0, 0, 0, 0, 0, 0, 0, 0, 0, 0, 0, 0,
2, 21,  4, 1160, 0, 0, 1, 0, 0, 0, 0, 0, 0, 0, 0, 3,
3, 21,  6, 6075, 0, 0, 5, 1, 0, 0, 0, 0, 0, 0, 0, 0,
4, 21,  2, 260, 0, 0, 2, 0, 0, 0, 0, 0, 0, 0, 0, 0,
5, 21,  1, 150, 0, 0, 0, 0, 0, 0, 0, 0, 0, 0, 0, 1,
6, 21,  1, 3600, 0, 0, 0, 0, 0, 0, 0, 1, 0, 0, 0, 0,
7, 21, 0, 0, 0, 0, 0, 0, 0, 0, 0, 0, 0, 0, 0, 0,
1, 22, 0, 0, 0, 0, 0, 0, 0, 0, 0, 0, 0, 0, 0, 0,
2, 22,  9, 8250, 2, 1, 0, 0, 6, 0, 0, 0, 0, 0, 0, 0,
3, 22, 0, 0, 0, 0, 0, 0, 0, 0, 0, 0, 0, 0, 0, 0,
4, 22,  1, 1875, 0, 1, 0, 0, 0, 0, 0, 0, 0, 0, 0, 0,
5, 22, 0, 0, 0, 0, 0, 0, 0, 0, 0, 0, 0, 0, 0, 0,
6, 22,  1, 3600, 0, 0, 0, 0, 0, 0, 0, 0, 0, 0, 0, 1,
7, 22,  3, 450, 0, 0, 3, 0, 0, 0, 0, 0, 0, 0, 0, 0,
1, 23, 0, 0, 0, 0, 0, 0, 0, 0, 0, 0, 0, 0, 0, 0,
2, 23,  8, 6255, 1, 0, 0, 0, 0, 0, 0, 0, 1, 0, 0, 6,
3, 23,  1, 3600, 0, 0, 0, 0, 0, 0, 1, 0, 0, 0, 0, 0,
4, 23, 0, 0, 0, 0, 0, 0, 0, 0, 0, 0, 0, 0, 0, 0,
5, 23,  3, 450, 0, 0, 0, 0, 0, 0, 0, 0, 0, 0, 0, 3,
6, 23, 0, 0, 0, 0, 0, 0, 0, 0, 0, 0, 0, 0, 0, 0,
7, 23, 0, 0, 0, 0, 0, 0, 0, 0, 0, 0, 0, 0, 0, 0,
1, 24,  3, 10800, 2, 0, 1, 0, 0, 0, 0, 0, 0, 0, 0, 0,
2, 24, 0, 0, 0, 0, 0, 0, 0, 0, 0, 0, 0, 0, 0, 0,
3, 24, 0, 0, 0, 0, 0, 0, 0, 0, 0, 0, 0, 0, 0, 0,
4, 24, 0, 0, 0, 0, 0, 0, 0, 0, 0, 0, 0, 0, 0, 0,
5, 24,  8, 1200, 0, 0, 8, 0, 0, 0, 0, 0, 0, 0, 0, 0,
6, 24, 0, 0, 0, 0, 0, 0, 0, 0, 0, 0, 0, 0, 0, 0,
7, 24,  3, 450, 0, 0, 3, 0, 0, 0, 0, 0, 0, 0, 0, 0,
1, 25, 0, 0, 0, 0, 0, 0, 0, 0, 0, 0, 0, 0, 0, 0,
2, 25, 0, 0, 0, 0, 0, 0, 0, 0, 0, 0, 0, 0, 0, 0,
3, 25, 0, 0, 0, 0, 0, 0, 0, 0, 0, 0, 0, 0, 0, 0,
4, 25,  6, 3225, 0, 0, 0, 0, 0, 0, 0, 0, 1, 0, 1, 4,
5, 25,  3, 450, 0, 0, 0, 0, 0, 0, 0, 3, 0, 0, 0, 0,
6, 25, 0, 0, 0, 0, 0, 0, 0, 0, 0, 0, 0, 0, 0, 0,
7, 25,  7, 1050, 0, 0, 0, 0, 0, 0, 0, 0, 0, 0, 0, 7,
1, 26, 0, 0, 0, 0, 0, 0, 0, 0, 0, 0, 0, 0, 0, 0,
2, 26, 0, 0, 0, 0, 0, 0, 0, 0, 0, 0, 0, 0, 0, 0,
3, 26, 0, 0, 0, 0, 0, 0, 0, 0, 0, 0, 0, 0, 0, 0,
4, 26, 0, 0, 0, 0, 0, 0, 0, 0, 0, 0, 0, 0, 0, 0,
5, 26,  2, 7200, 0, 0, 0, 0, 1, 0, 0, 1, 0, 0, 0, 0,
6, 26,  3, 450, 0, 0, 0, 3, 0, 0, 0, 0, 0, 0, 0, 0,
7, 26, 0, 0, 0, 0, 0, 0, 0, 0, 0, 0, 0, 0, 0, 0,
1, 27, 0, 0, 0, 0, 0, 0, 0, 0, 0, 0, 0, 0, 0, 0,
2, 27,  5, 4500, 0, 0, 4, 0, 0, 0, 0, 0, 0, 0, 0, 1,
3, 27, 0, 0, 0, 0, 0, 0, 0, 0, 0, 0, 0, 0, 0, 0,
4, 27, 0, 0, 0, 0, 0, 0, 0, 0, 0, 0, 0, 0, 0, 0,
5, 27,  1, 3600, 0, 1, 0, 0, 0, 0, 0, 0, 0, 0, 0, 0,
6, 27,  1, 3600, 0, 1, 0, 0, 0, 0, 0, 0, 0, 0, 0, 0,
7, 27, 0, 0, 0, 0, 0, 0, 0, 0, 0, 0, 0, 0, 0, 0,
1, 28, 0, 0, 0, 0, 0, 0, 0, 0, 0, 0, 0, 0, 0, 0,
2, 28,  2, 1500, 0, 0, 2, 0, 0, 0, 0, 0, 0, 0, 0, 0,
3, 28,  2, 1500, 0, 0, 0, 0, 0, 0, 0, 0, 0, 0, 0, 2,
4, 28, 0, 0, 0, 0, 0, 0, 0, 0, 0, 0, 0, 0, 0, 0,
5, 28,  3, 450, 0, 0, 0, 0, 0, 0, 0, 0, 0, 0, 0, 3,
6, 28, 0, 0, 0, 0, 0, 0, 0, 0, 0, 0, 0, 0, 0, 0,
7, 28, 0, 0, 0, 0, 0, 0, 0, 0, 0, 0, 0, 0, 0, 0,
1, 29, 0, 0, 0, 0, 0, 0, 0, 0, 0, 0, 0, 0, 0, 0,
2, 29, 0, 0, 0, 0, 0, 0, 0, 0, 0, 0, 0, 0, 0, 0,
3, 29, 0, 0, 0, 0, 0, 0, 0, 0, 0, 0, 0, 0, 0, 0,
4, 29,  1, 1875, 0, 0, 1, 0, 0, 0, 0, 0, 0, 0, 0, 0,
5, 29, 0, 0, 0, 0, 0, 0, 0, 0, 0, 0, 0, 0, 0, 0,
6, 29, 0, 0, 0, 0, 0, 0, 0, 0, 0, 0, 0, 0, 0, 0,
7, 29, 0, 0, 0, 0, 0, 0, 0, 0, 0, 0, 0, 0, 0, 0,
1, 30, 0, 0, 0, 0, 0, 0, 0, 0, 0, 0, 0, 0, 0, 0,
2, 30, 0, 0, 0, 0, 0, 0, 0, 0, 0, 0, 0, 0, 0, 0,
3, 30, 0, 0, 0, 0, 0, 0, 0, 0, 0, 0, 0, 0, 0, 0,
4, 30, 0, 0, 0, 0, 0, 0, 0, 0, 0, 0, 0, 0, 0, 0,
5, 30,  23, 3450, 0, 0, 0, 0, 0, 0, 0, 0, 0, 0, 0, 23,
6, 30, 0, 0, 0, 0, 0, 0, 0, 0, 0, 0, 0, 0, 0, 0,
7, 30, 0, 0, 0, 0, 0, 0, 0, 0, 0, 0, 0, 0, 0, 0,
1, 31, 0, 0, 0, 0, 0, 0, 0, 0, 0, 0, 0, 0, 0, 0,
2, 31, 0, 0, 0, 0, 0, 0, 0, 0, 0, 0, 0, 0, 0, 0,
3, 31, 0, 0, 0, 0, 0, 0, 0, 0, 0, 0, 0, 0, 0, 0,
4, 31, 0, 0, 0, 0, 0, 0, 0, 0, 0, 0, 0, 0, 0, 0,
5, 31, 0, 0, 0, 0, 0, 0, 0, 0, 0, 0, 0, 0, 0, 0,
6, 31, 0, 0, 0, 0, 0, 0, 0, 0, 0, 0, 0, 0, 0, 0,
7, 31,  1, 1875, 0, 0, 1, 0, 0, 0, 0, 0, 0, 0, 0, 0,
1, 32, 0, 0, 0, 0, 0, 0, 0, 0, 0, 0, 0, 0, 0, 0,
2, 32,  1, 3600, 0, 1, 0, 0, 0, 0, 0, 0, 0, 0, 0, 0,
3, 32, 0, 0, 0, 0, 0, 0, 0, 0, 0, 0, 0, 0, 0, 0,
4, 32,  1, 1875, 0, 0, 0, 0, 0, 0, 0, 0, 0, 0, 0, 1,
5, 32, 0, 0, 0, 0, 0, 0, 0, 0, 0, 0, 0, 0, 0, 0,
6, 32,  1, 3600, 0, 1, 0, 0, 0, 0, 0, 0, 0, 0, 0, 0,
7, 32,  1, 1875, 0, 0, 0, 0, 0, 0, 0, 0, 0, 0, 0, 1,
1, 33, 0, 0, 0, 0, 0, 0, 0, 0, 0, 0, 0, 0, 0, 0,
2, 33,  16, 1600, 0, 0, 0, 0, 0, 0, 0, 0, 0, 0, 0, 16,
3, 33,  21, 2610, 0, 18, 3, 0, 0, 0, 0, 0, 0, 0, 0, 0,
4, 33, 0, 0, 0, 0, 0, 0, 0, 0, 0, 0, 0, 0, 0, 0,
5, 33, 0, 0, 0, 0, 0, 0, 0, 0, 0, 0, 0, 0, 0, 0,
6, 33, 0, 0, 0, 0, 0, 0, 0, 0, 0, 0, 0, 0, 0, 0,
7, 33, 0, 0, 0, 0, 0, 0, 0, 0, 0, 0, 0, 0, 0, 0,
1, 34, 0, 0, 0, 0, 0, 0, 0, 0, 0, 0, 0, 0, 0, 0,
2, 34,  8, 5275, 0, 0, 7, 0, 0, 0, 0, 0, 0, 0, 0, 1,
3, 34, 0, 0, 0, 0, 0, 0, 0, 0, 0, 0, 0, 0, 0, 0,
4, 34, 0, 0, 0, 0, 0, 0, 0, 0, 0, 0, 0, 0, 0, 0,
5, 34,  2, 300, 0, 0, 2, 0, 0, 0, 0, 0, 0, 0, 0, 0,
6, 34, 0, 0, 0, 0, 0, 0, 0, 0, 0, 0, 0, 0, 0, 0,
7, 34, 0, 0, 0, 0, 0, 0, 0, 0, 0, 0, 0, 0, 0, 0,
1, 35, 0, 0, 0, 0, 0, 0, 0, 0, 0, 0, 0, 0, 0, 0,
2, 35, 0, 0, 0, 0, 0, 0, 0, 0, 0, 0, 0, 0, 0, 0,
3, 35, 0, 0, 0, 0, 0, 0, 0, 0, 0, 0, 0, 0, 0, 0,
4, 35, 0, 0, 0, 0, 0, 0, 0, 0, 0, 0, 0, 0, 0, 0,
5, 35, 0, 0, 0, 0, 0, 0, 0, 0, 0, 0, 0, 0, 0, 0,
6, 35,  2, 200, 0, 0, 0, 2, 0, 0, 0, 0, 0, 0, 0, 0,
7, 35,  2, 300, 0, 0, 1, 0, 0, 0, 0, 0, 0, 0, 0, 1,
1, 36, 0, 0, 0, 0, 0, 0, 0, 0, 0, 0, 0, 0, 0, 0,
2, 36,  5, 2510, 0, 0, 5, 0, 0, 0, 0, 0, 0, 0, 0, 0,
3, 36, 0, 0, 0, 0, 0, 0, 0, 0, 0, 0, 0, 0, 0, 0,
4, 36, 0, 0, 0, 0, 0, 0, 0, 0, 0, 0, 0, 0, 0, 0,
5, 36, 0, 0, 0, 0, 0, 0, 0, 0, 0, 0, 0, 0, 0, 0,
6, 36, 0, 0, 0, 0, 0, 0, 0, 0, 0, 0, 0, 0, 0, 0,
7, 36,  3, 3840, 0, 0, 2, 1, 0, 0, 0, 0, 0, 0, 0, 0,
1, 37, 0, 0, 0, 0, 0, 0, 0, 0, 0, 0, 0, 0, 0, 0,
2, 37, 0, 0, 0, 0, 0, 0, 0, 0, 0, 0, 0, 0, 0, 0,
3, 37, 0, 0, 0, 0, 0, 0, 0, 0, 0, 0, 0, 0, 0, 0,
4, 37,  1, 3600, 0, 1, 0, 0, 0, 0, 0, 0, 0, 0, 0, 0,
5, 37, 0, 0, 0, 0, 0, 0, 0, 0, 0, 0, 0, 0, 0, 0,
6, 37, 0, 0, 0, 0, 0, 0, 0, 0, 0, 0, 0, 0, 0, 0,
7, 37,  4, 3920, 0, 0, 4, 0, 0, 0, 0, 0, 0, 0, 0, 0,
1, 38, 0, 0, 0, 0, 0, 0, 0, 0, 0, 0, 0, 0, 0, 0,
2, 38, 0, 0, 0, 0, 0, 0, 0, 0, 0, 0, 0, 0, 0, 0,
3, 38, 0, 0, 0, 0, 0, 0, 0, 0, 0, 0, 0, 0, 0, 0,
4, 38,  4, 7480, 0, 1, 2, 0, 0, 0, 0, 0, 0, 0, 0, 1,
5, 38, 0, 0, 0, 0, 0, 0, 0, 0, 0, 0, 0, 0, 0, 0,
6, 38, 0, 0, 0, 0, 0, 0, 0, 0, 0, 0, 0, 0, 0, 0,
7, 38, 0, 0, 0, 0, 0, 0, 0, 0, 0, 0, 0, 0, 0, 0,
1, 39, 0, 0, 0, 0, 0, 0, 0, 0, 0, 0, 0, 0, 0, 0,
2, 39, 0, 0, 0, 0, 0, 0, 0, 0, 0, 0, 0, 0, 0, 0,
3, 39,  1, 1950, 0, 0, 1, 0, 0, 0, 0, 0, 0, 0, 0, 0,
4, 39, 0, 0, 0, 0, 0, 0, 0, 0, 0, 0, 0, 0, 0, 0,
5, 39, 0, 0, 0, 0, 0, 0, 0, 0, 0, 0, 0, 0, 0, 0,
6, 39, 0, 0, 0, 0, 0, 0, 0, 0, 0, 0, 0, 0, 0, 0,
7, 39, 0, 0, 0, 0, 0, 0, 0, 0, 0, 0, 0, 0, 0, 0,
1, 40, 0, 0, 0, 0, 0, 0, 0, 0, 0, 0, 0, 0, 0, 0,
2, 40,  1, 3600, 0, 0, 0, 0, 0, 0, 0, 1, 0, 0, 0, 0,
3, 40,  4, 480, 0, 0, 0, 2, 0, 0, 0, 0, 2, 0, 0, 0,
4, 40, 0, 0, 0, 0, 0, 0, 0, 0, 0, 0, 0, 0, 0, 0,
5, 40,  6, 4500, 0, 0, 0, 0, 0, 0, 0, 0, 0, 0, 0, 6,
6, 40, 0, 0, 0, 0, 0, 0, 0, 0, 0, 0, 0, 0, 0, 0,
7, 40, 0, 0, 0, 0, 0, 0, 0, 0, 0, 0, 0, 0, 0, 0,
1, 41, 0, 0, 0, 0, 0, 0, 0, 0, 0, 0, 0, 0, 0, 0,
2, 41, 0, 0, 0, 0, 0, 0, 0, 0, 0, 0, 0, 0, 0, 0,
3, 41,  3, 4050, 0, 0, 2, 0, 0, 0, 0, 1, 0, 0, 0, 0,
4, 41,  4, 1200, 0, 0, 2, 0, 0, 0, 0, 0, 0, 0, 0, 2,
5, 41,  2, 240, 0, 0, 0, 2, 0, 0, 0, 0, 0, 0, 0, 0,
6, 41, 0, 0, 0, 0, 0, 0, 0, 0, 0, 0, 0, 0, 0, 0,
7, 41,  3, 420, 0, 0, 3, 0, 0, 0, 0, 0, 0, 0, 0, 0,
1, 42, 0, 0, 0, 0, 0, 0, 0, 0, 0, 0, 0, 0, 0, 0,
2, 42, 0, 0, 0, 0, 0, 0, 0, 0, 0, 0, 0, 0, 0, 0,
3, 42, 0, 0, 0, 0, 0, 0, 0, 0, 0, 0, 0, 0, 0, 0,
4, 42,  6, 840, 0, 0, 0, 6, 0, 0, 0, 0, 0, 0, 0, 0,
5, 42,  2, 7200, 0, 1, 0, 0, 0, 0, 0, 0, 0, 0, 0, 1,
6, 42, 0, 0, 0, 0, 0, 0, 0, 0, 0, 0, 0, 0, 0, 0,
7, 42,  1, 1950, 0, 0, 0, 0, 1, 0, 0, 0, 0, 0, 0, 0,
1, 43, 0, 0, 0, 0, 0, 0, 0, 0, 0, 0, 0, 0, 0, 0,
2, 43, 0, 0, 0, 0, 0, 0, 0, 0, 0, 0, 0, 0, 0, 0,
3, 43,  10, 1300, 0, 0, 10, 0, 0, 0, 0, 0, 0, 0, 0, 0,
4, 43, 0, 0, 0, 0, 0, 0, 0, 0, 0, 0, 0, 0, 0, 0,
5, 43,  16, 2400, 0, 0, 0, 0, 0, 0, 0, 0, 0, 0, 0, 16,
6, 43, 0, 0, 0, 0, 0, 0, 0, 0, 0, 0, 0, 0, 0, 0,
7, 43, 0, 0, 0, 0, 0, 0, 0, 0, 0, 0, 0, 0, 0, 0,
1, 44, 0, 0, 0, 0, 0, 0, 0, 0, 0, 0, 0, 0, 0, 0,
2, 44,  26, 3380, 0, 0, 26, 0, 0, 0, 0, 0, 0, 0, 0, 0,
3, 44,  3, 3900, 0, 0, 0, 0, 1, 0, 0, 0, 0, 0, 0, 2,
4, 44, 0, 0, 0, 0, 0, 0, 0, 0, 0, 0, 0, 0, 0, 0,
5, 44,  3, 420, 0, 3, 0, 0, 0, 0, 0, 0, 0, 0, 0, 0,
6, 44, 0, 0, 0, 0, 0, 0, 0, 0, 0, 0, 0, 0, 0, 0,
7, 44, 0, 0, 0, 0, 0, 0, 0, 0, 0, 0, 0, 0, 0, 0,
1, 45, 0, 0, 0, 0, 0, 0, 0, 0, 0, 0, 0, 0, 0, 0,
2, 45,  2, 240, 0, 0, 2, 0, 0, 0, 0, 0, 0, 0, 0, 0,
3, 45,  1, 3600, 0, 0, 0, 0, 0, 0, 0, 1, 0, 0, 0, 0,
4, 45, 0, 0, 0, 0, 0, 0, 0, 0, 0, 0, 0, 0, 0, 0,
5, 45, 0, 0, 0, 0, 0, 0, 0, 0, 0, 0, 0, 0, 0, 0,
6, 45, 0, 0, 0, 0, 0, 0, 0, 0, 0, 0, 0, 0, 0, 0,
7, 45,  8, 960, 0, 0, 8, 0, 0, 0, 0, 0, 0, 0, 0, 0,
1, 46, 0, 0, 0, 0, 0, 0, 0, 0, 0, 0, 0, 0, 0, 0,
2, 46, 0, 0, 0, 0, 0, 0, 0, 0, 0, 0, 0, 0, 0, 0,
3, 46, 0, 0, 0, 0, 0, 0, 0, 0, 0, 0, 0, 0, 0, 0,
4, 46, 0, 0, 0, 0, 0, 0, 0, 0, 0, 0, 0, 0, 0, 0,
5, 46, 0, 0, 0, 0, 0, 0, 0, 0, 0, 0, 0, 0, 0, 0,
6, 46,  2, 240, 2, 0, 0, 0, 0, 0, 0, 0, 0, 0, 0, 0,
7, 46, 0, 0, 0, 0, 0, 0, 0, 0, 0, 0, 0, 0, 0, 0,
1, 47, 0, 0, 0, 0, 0, 0, 0, 0, 0, 0, 0, 0, 0, 0,
2, 47,  10, 1400, 0, 0, 8, 2, 0, 0, 0, 0, 0, 0, 0, 0,
3, 47,  2, 300, 0, 2, 0, 0, 0, 0, 0, 0, 0, 0, 0, 0,
4, 47,  18, 2700, 0, 0, 0, 0, 0, 0, 0, 0, 0, 0, 0, 18,
5, 47,  2, 300, 0, 0, 0, 0, 0, 0, 0, 0, 0, 0, 0, 2,
6, 47, 0, 0, 0, 0, 0, 0, 0, 0, 0, 0, 0, 0, 0, 0,
7, 47,  1, 750, 0, 1, 0, 0, 0, 0, 0, 0, 0, 0, 0, 0,
1, 48, 0, 0, 0, 0, 0, 0, 0, 0, 0, 0, 0, 0, 0, 0,
2, 48, 0, 0, 0, 0, 0, 0, 0, 0, 0, 0, 0, 0, 0, 0,
3, 48, 0, 0, 0, 0, 0, 0, 0, 0, 0, 0, 0, 0, 0, 0,
4, 48, 0, 0, 0, 0, 0, 0, 0, 0, 0, 0, 0, 0, 0, 0,
5, 48, 0, 0, 0, 0, 0, 0, 0, 0, 0, 0, 0, 0, 0, 0,
6, 48,  1, 3600, 0, 0, 0, 0, 1, 0, 0, 0, 0, 0, 0, 0,
7, 48,  2, 300, 0, 0, 0, 0, 0, 0, 0, 0, 0, 0, 0, 2,
1, 49, 0, 0, 0, 0, 0, 0, 0, 0, 0, 0, 0, 0, 0, 0,
2, 49, 0, 0, 0, 0, 0, 0, 0, 0, 0, 0, 0, 0, 0, 0,
3, 49, 0, 0, 0, 0, 0, 0, 0, 0, 0, 0, 0, 0, 0, 0,
4, 49,  1, 3600, 1, 0, 0, 0, 0, 0, 0, 0, 0, 0, 0, 0,
5, 49, 0, 0, 0, 0, 0, 0, 0, 0, 0, 0, 0, 0, 0, 0,
6, 49, 0, 0, 0, 0, 0, 0, 0, 0, 0, 0, 0, 0, 0, 0,
7, 49, 0, 0, 0, 0, 0, 0, 0, 0, 0, 0, 0, 0, 0, 0,
1, 50, 0, 0, 0, 0, 0, 0, 0, 0, 0, 0, 0, 0, 0, 0,
2, 50,  1, 3600, 1, 0, 0, 0, 0, 0, 0, 0, 0, 0, 0, 0,
3, 50, 0, 0, 0, 0, 0, 0, 0, 0, 0, 0, 0, 0, 0, 0,
4, 50, 0, 0, 0, 0, 0, 0, 0, 0, 0, 0, 0, 0, 0, 0,
5, 50, 0, 0, 0, 0, 0, 0, 0, 0, 0, 0, 0, 0, 0, 0,
6, 50, 0, 0, 0, 0, 0, 0, 0, 0, 0, 0, 0, 0, 0, 0,
7, 50, 0, 0, 0, 0, 0, 0, 0, 0, 0, 0, 0, 0, 0, 0,
1, 51, 0, 0, 0, 0, 0, 0, 0, 0, 0, 0, 0, 0, 0, 0,
2, 51, 0, 0, 0, 0, 0, 0, 0, 0, 0, 0, 0, 0, 0, 0,
3, 51, 0, 0, 0, 0, 0, 0, 0, 0, 0, 0, 0, 0, 0, 0,
4, 51, 0, 0, 0, 0, 0, 0, 0, 0, 0, 0, 0, 0, 0, 0,
5, 51, 0, 0, 0, 0, 0, 0, 0, 0, 0, 0, 0, 0, 0, 0,
6, 51, 0, 0, 0, 0, 0, 0, 0, 0, 0, 0, 0, 0, 0, 0,
7, 51, 0, 0, 0, 0, 0, 0, 0, 0, 0, 0, 0, 0, 0, 0,
